TRUNCATE all_points;
TRUNCATE denunciation;
TRUNCATE document_type;
TRUNCATE field;
TRUNCATE field_option;
TRUNCATE field_type;
TRUNCATE field_value;
TRUNCATE game_assignment_constraint;
TRUNCATE game_assignment_constraint_quantity;
TRUNCATE game_assignment_progression;
TRUNCATE game_badge;
TRUNCATE game_challenge;
TRUNCATE game_invite;
TRUNCATE game_membership;
TRUNCATE game_performed_task_comment;
TRUNCATE game_player;
TRUNCATE game_quest;
TRUNCATE game_task;
TRUNCATE game_task_assignment;
TRUNCATE game_task_group;
TRUNCATE game_task_group_progression;
TRUNCATE game_team;
TRUNCATE i18n_translated_value;
TRUNCATE picture;
TRUNCATE poi_comment;
TRUNCATE poi_status_update_type;
TRUNCATE poi_type;
TRUNCATE poi_type_fields;
TRUNCATE resource ;
TRUNCATE role;
TRUNCATE role_resource;
TRUNCATE select_field;
TRUNCATE system_user;
TRUNCATE token;
TRUNCATE user_password_reset;
TRUNCATE user_role;
TRUNCATE vote_comment;
TRUNCATE vote_poi;

INSERT INTO public.role (id, authority, parent_id) VALUES (1, 'VISITANTE', NULL);
INSERT INTO public.role (id, authority, parent_id) VALUES (2, 'ROOT', NULL);
INSERT INTO public.role (id, authority, parent_id) VALUES (3, 'NOTIFICADOR', NULL);

INSERT INTO public.resource (id, open, operation, uri) VALUES (1, false, '.*', '.*');
INSERT INTO public.resource (id, open, operation, uri) VALUES (9, true, '.*', '/picture.*');
INSERT INTO public.resource (id, open, operation, uri) VALUES (12, true, 'GET', '/tweet.*');
INSERT INTO public.resource (id, open, operation, uri) VALUES (11, true, 'GET', '/poi(/)?');
INSERT INTO public.resource (id, open, operation, uri) VALUES (15, true, 'GET', '/poi/geojson(/)?');
INSERT INTO public.resource (id, open, operation, uri) VALUES (14, true, 'GET', '/poi/\d+/html(/)?');
INSERT INTO public.resource (id, open, operation, uri) VALUES (13, true, 'GET', '/user/find-by-username(/)?');
INSERT INTO public.resource (id, open, operation, uri) VALUES (10, true, 'GET', '/poi/\d+(/)?');
INSERT INTO public.resource (id, open, operation, uri) VALUES (8, true, 'POST', '/poi(/)?');
INSERT INTO public.resource (id, open, operation, uri) VALUES (7, true, 'GET', '/poi-type(/)?');
INSERT INTO public.resource (id, open, operation, uri) VALUES (6, true, 'POST', '/user(/)?');
INSERT INTO public.resource (id, open, operation, uri) VALUES (5, true, '.*', '/token(/)?');
INSERT INTO public.resource (id, open, operation, uri) VALUES (4, true, 'GET', '/auth/facebook(/)?');
INSERT INTO public.resource (id, open, operation, uri) VALUES (3, true, 'DELETE', '/auth(/)?');
INSERT INTO public.resource (id, open, operation, uri) VALUES (2, true, 'GET', '/auth(/)?');
INSERT INTO public.resource (id, open, operation, uri) VALUES (16, true, 'GET', '/poi/\d+/comment(/)?');
INSERT INTO public.resource (id, open, operation, uri) VALUES (17, false, '.*', '/poi/\d+/comment(/)?');
INSERT INTO public.resource (id, open, operation, uri) VALUES (18, false, '.*', '/comment.*');
INSERT INTO public.resource (id, open, operation, uri) VALUES (19, false, 'POST', '/poi/\d+/vote(/)?');

INSERT INTO public.role_resource (id, resource_id, role_id) VALUES ('1', 1, 1);
INSERT INTO public.role_resource (id, resource_id, role_id) VALUES ('2', 17, 3);
INSERT INTO public.role_resource (id, resource_id, role_id) VALUES ('3', 18, 3);
INSERT INTO public.role_resource (id, resource_id, role_id) VALUES ('4', 19, 3);

INSERT INTO public.system_user (id, enabled, locked, name, password, username) VALUES (1, true, false, 'Diego Cedrim', 'de3188a891f7d7a5becdae30a3aa04ad', 'diego.cedrim@gmail.com');

INSERT INTO public.user_role (id, role_id, user_id) VALUES (1, 1, 1);

INSERT INTO public.token (id, creationtime, hashedtoken, lasttimeused, longlasting, user_id) VALUES (1, '2015-07-21 18:48:26.632', 'f2d1439ccbd57d6108185e0f7e387ecd', '2015-07-24 02:18:51.443', true, 1);

INSERT INTO public.field_type (id, name) VALUES (1, 'Select');
INSERT INTO public.field_type (id, name) VALUES (2, 'Number');

INSERT INTO public.field (id, name, required, type_id, helptext) VALUES (8, 'O paciente sente tonturas?', false, 1, NULL);
INSERT INTO public.field (id, name, required, type_id, helptext) VALUES (9, 'O paciente sente extremo cansaço?', false, 1, NULL);
INSERT INTO public.field (id, name, required, type_id, helptext) VALUES (10, 'O paciente sente moleza e dor no corpo?', false, 1, NULL);
INSERT INTO public.field (id, name, required, type_id, helptext) VALUES (11, 'O paciente sente dores nos ossos e articulações?', false, 1, NULL);
INSERT INTO public.field (id, name, required, type_id, helptext) VALUES (12, 'O paciente reclama de dor abdominal intensa e contínua, ou dor a palpação do abdomen?', false, 1, NULL);
INSERT INTO public.field (id, name, required, type_id, helptext) VALUES (13, 'O paciente apresenta pele pálida, fria e úmida?', false, 1, NULL);
INSERT INTO public.field (id, name, required, type_id, helptext) VALUES (14, 'O paciente apresenta sangramento pelo nariz, boca e gengivas?', false, 1, NULL);
INSERT INTO public.field (id, name, required, type_id, helptext) VALUES (15, 'O paciente apresenta um quadro de vômito persistente?', false, 1, NULL);
INSERT INTO public.field (id, name, required, type_id, helptext) VALUES (16, 'O paciente apresenta sonolência, agitação e confusão mental?', false, 1, NULL);
INSERT INTO public.field (id, name, required, type_id, helptext) VALUES (17, 'O paciente sente sede excessiva e boca seca?', false, 1, NULL);
INSERT INTO public.field (id, name, required, type_id, helptext) VALUES (18, 'O paciente sente dificuldade para respirar?', false, 1, NULL);
INSERT INTO public.field (id, name, required, type_id, helptext) VALUES (19, 'O paciente já perdeu a consciência alguma vez?', false, 1, NULL);
INSERT INTO public.field (id, name, required, type_id, helptext) VALUES (20, 'Agentes de saúde visitam a região que o paciente mora?', false, 1, NULL);
INSERT INTO public.field (id, name, required, type_id, helptext) VALUES (21, 'O foco se encontra em uma área pública?', true, 1, NULL);
INSERT INTO public.field (id, name, required, type_id, helptext) VALUES (22, 'Onde o foco foi encontrado?', true, 1, NULL);
INSERT INTO public.field (id, name, required, type_id, helptext) VALUES (2, 'O paciente já foi diagnosticado com dengue antes?', false, 1, NULL);
INSERT INTO public.field (id, name, required, type_id, helptext) VALUES (3, 'O paciente sente dor atrás dos olhos, que piora com o movimento dos mesmos?', false, 1, NULL);
INSERT INTO public.field (id, name, required, type_id, helptext) VALUES (5, 'O paciente tem fortes dores de cabeça?', false, 1, NULL);
INSERT INTO public.field (id, name, required, type_id, helptext) VALUES (6, 'O paciente apresenta perda do paladar?', false, 1, NULL);
INSERT INTO public.field (id, name, required, type_id, helptext) VALUES (7, 'O paciente apresenta manchas e erupções na pele semelhantes ao sarampo, principalmente no tórax e membros superiores?', false, 1, NULL);
INSERT INTO public.field (id, name, required, type_id, helptext) VALUES (4, 'O paciente apresenta febre alta?', false, 1, NULL);
INSERT INTO public.field (id, name, required, type_id, helptext) VALUES (1, 'Idade', true, 2, 'Informe a idade (mesmo que seja apenas aproximada) do paciente');


INSERT INTO public.select_field (field_id) VALUES (2);
INSERT INTO public.select_field (field_id) VALUES (3);
INSERT INTO public.select_field (field_id) VALUES (5);
INSERT INTO public.select_field (field_id) VALUES (6);
INSERT INTO public.select_field (field_id) VALUES (7);
INSERT INTO public.select_field (field_id) VALUES (4);
INSERT INTO public.select_field (field_id) VALUES (8);
INSERT INTO public.select_field (field_id) VALUES (9);
INSERT INTO public.select_field (field_id) VALUES (10);
INSERT INTO public.select_field (field_id) VALUES (11);
INSERT INTO public.select_field (field_id) VALUES (12);
INSERT INTO public.select_field (field_id) VALUES (13);
INSERT INTO public.select_field (field_id) VALUES (14);
INSERT INTO public.select_field (field_id) VALUES (15);
INSERT INTO public.select_field (field_id) VALUES (16);
INSERT INTO public.select_field (field_id) VALUES (17);
INSERT INTO public.select_field (field_id) VALUES (18);
INSERT INTO public.select_field (field_id) VALUES (19);
INSERT INTO public.select_field (field_id) VALUES (20);
INSERT INTO public.select_field (field_id) VALUES (21);
INSERT INTO public.select_field (field_id) VALUES (22);

INSERT INTO public.field_option (id, label, value, field_id) VALUES (1, 'Não sei', 'Não informado', 2);
INSERT INTO public.field_option (id, label, value, field_id) VALUES (115, 'Não sei', 'Não informado', 3);
INSERT INTO public.field_option (id, label, value, field_id) VALUES (118, 'Não sei', 'Não informado', 4);
INSERT INTO public.field_option (id, label, value, field_id) VALUES (121, 'Não sei', 'Não informado', 5);
INSERT INTO public.field_option (id, label, value, field_id) VALUES (124, 'Não sei', 'Não informado', 6);
INSERT INTO public.field_option (id, label, value, field_id) VALUES (127, 'Não sei', 'Não informado', 7);
INSERT INTO public.field_option (id, label, value, field_id) VALUES (130, 'Não sei', 'Não informado', 8);
INSERT INTO public.field_option (id, label, value, field_id) VALUES (133, 'Não sei', 'Não informado', 9);
INSERT INTO public.field_option (id, label, value, field_id) VALUES (136, 'Não sei', 'Não informado', 10);
INSERT INTO public.field_option (id, label, value, field_id) VALUES (139, 'Não sei', 'Não informado', 11);
INSERT INTO public.field_option (id, label, value, field_id) VALUES (142, 'Não sei', 'Não informado', 12);
INSERT INTO public.field_option (id, label, value, field_id) VALUES (145, 'Não sei', 'Não informado', 13);
INSERT INTO public.field_option (id, label, value, field_id) VALUES (172, 'piscina abandonada', 'piscina abandonada', 22);
INSERT INTO public.field_option (id, label, value, field_id) VALUES (173, 'terreno baldio', 'terreno baldio', 22);
INSERT INTO public.field_option (id, label, value, field_id) VALUES (174, 'pneu abandonado', 'pneu abandonado', 22);
INSERT INTO public.field_option (id, label, value, field_id) VALUES (175, 'vaso de planta', 'vaso de planta', 22);
INSERT INTO public.field_option (id, label, value, field_id) VALUES (176, 'calha', 'calha', 22);
INSERT INTO public.field_option (id, label, value, field_id) VALUES (177, 'embalagens vazias (garrafas, latas...)', 'embalagens vazias (garrafas, latas...)', 22);
INSERT INTO public.field_option (id, label, value, field_id) VALUES (179, 'ralo', 'ralo', 22);
INSERT INTO public.field_option (id, label, value, field_id) VALUES (180, 'aquário', 'aquário', 22);
INSERT INTO public.field_option (id, label, value, field_id) VALUES (181, 'bebedouro de animal', 'bebedouro de animal', 22);
INSERT INTO public.field_option (id, label, value, field_id) VALUES (182, 'outro', 'outro', 22);
INSERT INTO public.field_option (id, label, value, field_id) VALUES (178, 'córrego ou riacho', 'córrego ou riacho', 22);
INSERT INTO public.field_option (id, label, value, field_id) VALUES (2, 'Sim', 'Sim', 2);
INSERT INTO public.field_option (id, label, value, field_id) VALUES (116, 'Sim', 'Sim', 3);
INSERT INTO public.field_option (id, label, value, field_id) VALUES (119, 'Sim', 'Sim', 4);
INSERT INTO public.field_option (id, label, value, field_id) VALUES (122, 'Sim', 'Sim', 5);
INSERT INTO public.field_option (id, label, value, field_id) VALUES (125, 'Sim', 'Sim', 6);
INSERT INTO public.field_option (id, label, value, field_id) VALUES (128, 'Sim', 'Sim', 7);
INSERT INTO public.field_option (id, label, value, field_id) VALUES (131, 'Sim', 'Sim', 8);
INSERT INTO public.field_option (id, label, value, field_id) VALUES (134, 'Sim', 'Sim', 9);
INSERT INTO public.field_option (id, label, value, field_id) VALUES (137, 'Sim', 'Sim', 10);
INSERT INTO public.field_option (id, label, value, field_id) VALUES (140, 'Sim', 'Sim', 11);
INSERT INTO public.field_option (id, label, value, field_id) VALUES (143, 'Sim', 'Sim', 12);
INSERT INTO public.field_option (id, label, value, field_id) VALUES (146, 'Sim', 'Sim', 13);
INSERT INTO public.field_option (id, label, value, field_id) VALUES (149, 'Sim', 'Sim', 14);
INSERT INTO public.field_option (id, label, value, field_id) VALUES (152, 'Sim', 'Sim', 15);
INSERT INTO public.field_option (id, label, value, field_id) VALUES (155, 'Sim', 'Sim', 16);
INSERT INTO public.field_option (id, label, value, field_id) VALUES (158, 'Sim', 'Sim', 17);
INSERT INTO public.field_option (id, label, value, field_id) VALUES (161, 'Sim', 'Sim', 18);
INSERT INTO public.field_option (id, label, value, field_id) VALUES (164, 'Sim', 'Sim', 19);
INSERT INTO public.field_option (id, label, value, field_id) VALUES (167, 'Sim', 'Sim', 20);
INSERT INTO public.field_option (id, label, value, field_id) VALUES (170, 'Sim', 'Sim', 21);
INSERT INTO public.field_option (id, label, value, field_id) VALUES (3, 'Não', 'Não', 2);
INSERT INTO public.field_option (id, label, value, field_id) VALUES (117, 'Não', 'Não', 3);
INSERT INTO public.field_option (id, label, value, field_id) VALUES (120, 'Não', 'Não', 4);
INSERT INTO public.field_option (id, label, value, field_id) VALUES (123, 'Não', 'Não', 5);
INSERT INTO public.field_option (id, label, value, field_id) VALUES (126, 'Não', 'Não', 6);
INSERT INTO public.field_option (id, label, value, field_id) VALUES (129, 'Não', 'Não', 7);
INSERT INTO public.field_option (id, label, value, field_id) VALUES (132, 'Não', 'Não', 8);
INSERT INTO public.field_option (id, label, value, field_id) VALUES (135, 'Não', 'Não', 9);
INSERT INTO public.field_option (id, label, value, field_id) VALUES (138, 'Não', 'Não', 10);
INSERT INTO public.field_option (id, label, value, field_id) VALUES (141, 'Não', 'Não', 11);
INSERT INTO public.field_option (id, label, value, field_id) VALUES (144, 'Não', 'Não', 12);
INSERT INTO public.field_option (id, label, value, field_id) VALUES (147, 'Não', 'Não', 13);
INSERT INTO public.field_option (id, label, value, field_id) VALUES (150, 'Não', 'Não', 14);
INSERT INTO public.field_option (id, label, value, field_id) VALUES (153, 'Não', 'Não', 15);
INSERT INTO public.field_option (id, label, value, field_id) VALUES (156, 'Não', 'Não', 16);
INSERT INTO public.field_option (id, label, value, field_id) VALUES (159, 'Não', 'Não', 17);
INSERT INTO public.field_option (id, label, value, field_id) VALUES (162, 'Não', 'Não', 18);
INSERT INTO public.field_option (id, label, value, field_id) VALUES (165, 'Não', 'Não', 19);
INSERT INTO public.field_option (id, label, value, field_id) VALUES (168, 'Não', 'Não', 20);
INSERT INTO public.field_option (id, label, value, field_id) VALUES (171, 'Não', 'Não', 21);
INSERT INTO public.field_option (id, label, value, field_id) VALUES (148, 'Não sei', 'Não informado', 14);
INSERT INTO public.field_option (id, label, value, field_id) VALUES (151, 'Não sei', 'Não informado', 15);
INSERT INTO public.field_option (id, label, value, field_id) VALUES (154, 'Não sei', 'Não informado', 16);
INSERT INTO public.field_option (id, label, value, field_id) VALUES (157, 'Não sei', 'Não informado', 17);
INSERT INTO public.field_option (id, label, value, field_id) VALUES (160, 'Não sei', 'Não informado', 18);
INSERT INTO public.field_option (id, label, value, field_id) VALUES (163, 'Não sei', 'Não informado', 19);
INSERT INTO public.field_option (id, label, value, field_id) VALUES (166, 'Não sei', 'Não informado', 20);
INSERT INTO public.field_option (id, label, value, field_id) VALUES (169, 'Não sei', 'Não informado', 21);

INSERT INTO public.i18n_translated_value (id, class_fqn, field_name, language, object_id, translation) VALUES (2, 'br.les.opus.dengue.core.domain.PoiType', 'name', 'en', '2', 'Person diagnosed with dengue');
INSERT INTO public.i18n_translated_value (id, class_fqn, field_name, language, object_id, translation) VALUES (40, 'br.les.opus.dengue.core.fields.SelectField', 'name', 'en', '21', 'The mosquito focus is in a public area?');
INSERT INTO public.i18n_translated_value (id, class_fqn, field_name, language, object_id, translation) VALUES (45, 'br.les.opus.dengue.core.fields.SelectField', 'name', 'en', '6', 'The patient experiences loss of taste?');
INSERT INTO public.i18n_translated_value (id, class_fqn, field_name, language, object_id, translation) VALUES (39, 'br.les.opus.dengue.core.fields.SelectField', 'name', 'en', '20', 'Do health workers visit the area that the patient live?');
INSERT INTO public.i18n_translated_value (id, class_fqn, field_name, language, object_id, translation) VALUES (48, 'br.les.opus.dengue.core.fields.Field', 'name', 'en', '1', 'Age');
INSERT INTO public.i18n_translated_value (id, class_fqn, field_name, language, object_id, translation) VALUES (186, 'br.les.opus.dengue.core.fields.FieldOption', 'value', 'en', '3', 'No');
INSERT INTO public.i18n_translated_value (id, class_fqn, field_name, language, object_id, translation) VALUES (187, 'br.les.opus.dengue.core.fields.FieldOption', 'value', 'en', '117', 'No');
INSERT INTO public.i18n_translated_value (id, class_fqn, field_name, language, object_id, translation) VALUES (188, 'br.les.opus.dengue.core.fields.FieldOption', 'value', 'en', '120', 'No');
INSERT INTO public.i18n_translated_value (id, class_fqn, field_name, language, object_id, translation) VALUES (189, 'br.les.opus.dengue.core.fields.FieldOption', 'value', 'en', '123', 'No');
INSERT INTO public.i18n_translated_value (id, class_fqn, field_name, language, object_id, translation) VALUES (166, 'br.les.opus.dengue.core.fields.FieldOption', 'value', 'en', '2', 'Yes');
INSERT INTO public.i18n_translated_value (id, class_fqn, field_name, language, object_id, translation) VALUES (167, 'br.les.opus.dengue.core.fields.FieldOption', 'value', 'en', '116', 'Yes');
INSERT INTO public.i18n_translated_value (id, class_fqn, field_name, language, object_id, translation) VALUES (168, 'br.les.opus.dengue.core.fields.FieldOption', 'value', 'en', '119', 'Yes');
INSERT INTO public.i18n_translated_value (id, class_fqn, field_name, language, object_id, translation) VALUES (169, 'br.les.opus.dengue.core.fields.FieldOption', 'value', 'en', '122', 'Yes');
INSERT INTO public.i18n_translated_value (id, class_fqn, field_name, language, object_id, translation) VALUES (170, 'br.les.opus.dengue.core.fields.FieldOption', 'value', 'en', '125', 'Yes');
INSERT INTO public.i18n_translated_value (id, class_fqn, field_name, language, object_id, translation) VALUES (171, 'br.les.opus.dengue.core.fields.FieldOption', 'value', 'en', '128', 'Yes');
INSERT INTO public.i18n_translated_value (id, class_fqn, field_name, language, object_id, translation) VALUES (172, 'br.les.opus.dengue.core.fields.FieldOption', 'value', 'en', '131', 'Yes');
INSERT INTO public.i18n_translated_value (id, class_fqn, field_name, language, object_id, translation) VALUES (71, 'br.les.opus.dengue.core.fields.Field', 'helpText', 'en', '1', 'Inform the patient age (even if only approximate)');
INSERT INTO public.i18n_translated_value (id, class_fqn, field_name, language, object_id, translation) VALUES (27, 'br.les.opus.dengue.core.fields.SelectField', 'name', 'en', '8', 'The patient feels dizzy?');
INSERT INTO public.i18n_translated_value (id, class_fqn, field_name, language, object_id, translation) VALUES (28, 'br.les.opus.dengue.core.fields.SelectField', 'name', 'en', '9', 'The patient feels extreme tiredness?');
INSERT INTO public.i18n_translated_value (id, class_fqn, field_name, language, object_id, translation) VALUES (29, 'br.les.opus.dengue.core.fields.SelectField', 'name', 'en', '10', 'The patient feels pain in the body?');
INSERT INTO public.i18n_translated_value (id, class_fqn, field_name, language, object_id, translation) VALUES (30, 'br.les.opus.dengue.core.fields.SelectField', 'name', 'en', '11', 'The patient feels pain in bones and joints?');
INSERT INTO public.i18n_translated_value (id, class_fqn, field_name, language, object_id, translation) VALUES (31, 'br.les.opus.dengue.core.fields.SelectField', 'name', 'en', '12', 'The patient complains of intense and continuous abdominal pain, or pain on palpation of the abdomen?');
INSERT INTO public.i18n_translated_value (id, class_fqn, field_name, language, object_id, translation) VALUES (32, 'br.les.opus.dengue.core.fields.SelectField', 'name', 'en', '13', 'The patient has pale skin, cold and clammy?');
INSERT INTO public.i18n_translated_value (id, class_fqn, field_name, language, object_id, translation) VALUES (33, 'br.les.opus.dengue.core.fields.SelectField', 'name', 'en', '14', 'The patient has bleeding from the nose, mouth and gums?');
INSERT INTO public.i18n_translated_value (id, class_fqn, field_name, language, object_id, translation) VALUES (34, 'br.les.opus.dengue.core.fields.SelectField', 'name', 'en', '15', 'The patient has persistent vomiting scenario?');
INSERT INTO public.i18n_translated_value (id, class_fqn, field_name, language, object_id, translation) VALUES (35, 'br.les.opus.dengue.core.fields.SelectField', 'name', 'en', '16', 'The patient presents drowsiness, restlessness and confusion?');
INSERT INTO public.i18n_translated_value (id, class_fqn, field_name, language, object_id, translation) VALUES (36, 'br.les.opus.dengue.core.fields.SelectField', 'name', 'en', '17', 'The patient feels excessive thirst and dry mouth?');
INSERT INTO public.i18n_translated_value (id, class_fqn, field_name, language, object_id, translation) VALUES (37, 'br.les.opus.dengue.core.fields.SelectField', 'name', 'en', '18', 'The patient finds it difficult to breathe?');
INSERT INTO public.i18n_translated_value (id, class_fqn, field_name, language, object_id, translation) VALUES (38, 'br.les.opus.dengue.core.fields.SelectField', 'name', 'en', '19', 'The patient has lost consciousness?');
INSERT INTO public.i18n_translated_value (id, class_fqn, field_name, language, object_id, translation) VALUES (41, 'br.les.opus.dengue.core.fields.SelectField', 'name', 'en', '22', 'Where the focus has been found?');
INSERT INTO public.i18n_translated_value (id, class_fqn, field_name, language, object_id, translation) VALUES (42, 'br.les.opus.dengue.core.fields.SelectField', 'name', 'en', '2', 'The patient has been diagnosed with dengue before?');
INSERT INTO public.i18n_translated_value (id, class_fqn, field_name, language, object_id, translation) VALUES (43, 'br.les.opus.dengue.core.fields.SelectField', 'name', 'en', '3', 'The patient feels pain behind the eyes which worsens with movement of the same?');
INSERT INTO public.i18n_translated_value (id, class_fqn, field_name, language, object_id, translation) VALUES (173, 'br.les.opus.dengue.core.fields.FieldOption', 'value', 'en', '134', 'Yes');
INSERT INTO public.i18n_translated_value (id, class_fqn, field_name, language, object_id, translation) VALUES (174, 'br.les.opus.dengue.core.fields.FieldOption', 'value', 'en', '137', 'Yes');
INSERT INTO public.i18n_translated_value (id, class_fqn, field_name, language, object_id, translation) VALUES (155, 'br.les.opus.dengue.core.fields.FieldOption', 'value', 'en', '172', 'abandoned pool');
INSERT INTO public.i18n_translated_value (id, class_fqn, field_name, language, object_id, translation) VALUES (156, 'br.les.opus.dengue.core.fields.FieldOption', 'value', 'en', '173', 'abandoned lot');
INSERT INTO public.i18n_translated_value (id, class_fqn, field_name, language, object_id, translation) VALUES (157, 'br.les.opus.dengue.core.fields.FieldOption', 'value', 'en', '174', 'abandoned tire');
INSERT INTO public.i18n_translated_value (id, class_fqn, field_name, language, object_id, translation) VALUES (158, 'br.les.opus.dengue.core.fields.FieldOption', 'value', 'en', '175', 'flower pot');
INSERT INTO public.i18n_translated_value (id, class_fqn, field_name, language, object_id, translation) VALUES (159, 'br.les.opus.dengue.core.fields.FieldOption', 'value', 'en', '176', 'gutter');
INSERT INTO public.i18n_translated_value (id, class_fqn, field_name, language, object_id, translation) VALUES (160, 'br.les.opus.dengue.core.fields.FieldOption', 'value', 'en', '177', 'empty containers (bottles, cans ...)');
INSERT INTO public.i18n_translated_value (id, class_fqn, field_name, language, object_id, translation) VALUES (161, 'br.les.opus.dengue.core.fields.FieldOption', 'value', 'en', '179', 'drain');
INSERT INTO public.i18n_translated_value (id, class_fqn, field_name, language, object_id, translation) VALUES (162, 'br.les.opus.dengue.core.fields.FieldOption', 'value', 'en', '180', 'aquarium');
INSERT INTO public.i18n_translated_value (id, class_fqn, field_name, language, object_id, translation) VALUES (163, 'br.les.opus.dengue.core.fields.FieldOption', 'value', 'en', '181', 'animal trough');
INSERT INTO public.i18n_translated_value (id, class_fqn, field_name, language, object_id, translation) VALUES (165, 'br.les.opus.dengue.core.fields.FieldOption', 'value', 'en', '178', 'stream or creek');
INSERT INTO public.i18n_translated_value (id, class_fqn, field_name, language, object_id, translation) VALUES (164, 'br.les.opus.dengue.core.fields.FieldOption', 'value', 'en', '182', 'other');
INSERT INTO public.i18n_translated_value (id, class_fqn, field_name, language, object_id, translation) VALUES (1, 'br.les.opus.dengue.core.domain.PoiType', 'name', 'en', '1', 'Person with dengue or suspected');
INSERT INTO public.i18n_translated_value (id, class_fqn, field_name, language, object_id, translation) VALUES (3, 'br.les.opus.dengue.core.domain.PoiType', 'name', 'en', '3', 'Dengue mosquito focus');
INSERT INTO public.i18n_translated_value (id, class_fqn, field_name, language, object_id, translation) VALUES (44, 'br.les.opus.dengue.core.fields.SelectField', 'name', 'en', '5', 'The patient has severe headaches?');
INSERT INTO public.i18n_translated_value (id, class_fqn, field_name, language, object_id, translation) VALUES (46, 'br.les.opus.dengue.core.fields.SelectField', 'name', 'en', '7', 'The patient has spots and a rash similar to measles, especially in the chest and upper limbs?');
INSERT INTO public.i18n_translated_value (id, class_fqn, field_name, language, object_id, translation) VALUES (47, 'br.les.opus.dengue.core.fields.SelectField', 'name', 'en', '4', 'The patient has a high fever?');
INSERT INTO public.i18n_translated_value (id, class_fqn, field_name, language, object_id, translation) VALUES (50, 'br.les.opus.dengue.core.fields.SelectField', 'helpText', 'en', '8', NULL);
INSERT INTO public.i18n_translated_value (id, class_fqn, field_name, language, object_id, translation) VALUES (51, 'br.les.opus.dengue.core.fields.SelectField', 'helpText', 'en', '9', NULL);
INSERT INTO public.i18n_translated_value (id, class_fqn, field_name, language, object_id, translation) VALUES (52, 'br.les.opus.dengue.core.fields.SelectField', 'helpText', 'en', '10', NULL);
INSERT INTO public.i18n_translated_value (id, class_fqn, field_name, language, object_id, translation) VALUES (53, 'br.les.opus.dengue.core.fields.SelectField', 'helpText', 'en', '11', NULL);
INSERT INTO public.i18n_translated_value (id, class_fqn, field_name, language, object_id, translation) VALUES (54, 'br.les.opus.dengue.core.fields.SelectField', 'helpText', 'en', '12', NULL);
INSERT INTO public.i18n_translated_value (id, class_fqn, field_name, language, object_id, translation) VALUES (55, 'br.les.opus.dengue.core.fields.SelectField', 'helpText', 'en', '13', NULL);
INSERT INTO public.i18n_translated_value (id, class_fqn, field_name, language, object_id, translation) VALUES (56, 'br.les.opus.dengue.core.fields.SelectField', 'helpText', 'en', '14', NULL);
INSERT INTO public.i18n_translated_value (id, class_fqn, field_name, language, object_id, translation) VALUES (57, 'br.les.opus.dengue.core.fields.SelectField', 'helpText', 'en', '15', NULL);
INSERT INTO public.i18n_translated_value (id, class_fqn, field_name, language, object_id, translation) VALUES (58, 'br.les.opus.dengue.core.fields.SelectField', 'helpText', 'en', '16', NULL);
INSERT INTO public.i18n_translated_value (id, class_fqn, field_name, language, object_id, translation) VALUES (59, 'br.les.opus.dengue.core.fields.SelectField', 'helpText', 'en', '17', NULL);
INSERT INTO public.i18n_translated_value (id, class_fqn, field_name, language, object_id, translation) VALUES (60, 'br.les.opus.dengue.core.fields.SelectField', 'helpText', 'en', '18', NULL);
INSERT INTO public.i18n_translated_value (id, class_fqn, field_name, language, object_id, translation) VALUES (61, 'br.les.opus.dengue.core.fields.SelectField', 'helpText', 'en', '19', NULL);
INSERT INTO public.i18n_translated_value (id, class_fqn, field_name, language, object_id, translation) VALUES (62, 'br.les.opus.dengue.core.fields.SelectField', 'helpText', 'en', '20', NULL);
INSERT INTO public.i18n_translated_value (id, class_fqn, field_name, language, object_id, translation) VALUES (63, 'br.les.opus.dengue.core.fields.SelectField', 'helpText', 'en', '21', NULL);
INSERT INTO public.i18n_translated_value (id, class_fqn, field_name, language, object_id, translation) VALUES (64, 'br.les.opus.dengue.core.fields.SelectField', 'helpText', 'en', '22', NULL);
INSERT INTO public.i18n_translated_value (id, class_fqn, field_name, language, object_id, translation) VALUES (65, 'br.les.opus.dengue.core.fields.SelectField', 'helpText', 'en', '2', NULL);
INSERT INTO public.i18n_translated_value (id, class_fqn, field_name, language, object_id, translation) VALUES (66, 'br.les.opus.dengue.core.fields.SelectField', 'helpText', 'en', '3', NULL);
INSERT INTO public.i18n_translated_value (id, class_fqn, field_name, language, object_id, translation) VALUES (67, 'br.les.opus.dengue.core.fields.SelectField', 'helpText', 'en', '5', NULL);
INSERT INTO public.i18n_translated_value (id, class_fqn, field_name, language, object_id, translation) VALUES (68, 'br.les.opus.dengue.core.fields.SelectField', 'helpText', 'en', '6', NULL);
INSERT INTO public.i18n_translated_value (id, class_fqn, field_name, language, object_id, translation) VALUES (69, 'br.les.opus.dengue.core.fields.SelectField', 'helpText', 'en', '7', NULL);
INSERT INTO public.i18n_translated_value (id, class_fqn, field_name, language, object_id, translation) VALUES (70, 'br.les.opus.dengue.core.fields.SelectField', 'helpText', 'en', '4', NULL);
INSERT INTO public.i18n_translated_value (id, class_fqn, field_name, language, object_id, translation) VALUES (72, 'br.les.opus.dengue.core.fields.FieldOption', 'label', 'en', '1', 'I don''t know');
INSERT INTO public.i18n_translated_value (id, class_fqn, field_name, language, object_id, translation) VALUES (73, 'br.les.opus.dengue.core.fields.FieldOption', 'label', 'en', '115', 'I don''t know');
INSERT INTO public.i18n_translated_value (id, class_fqn, field_name, language, object_id, translation) VALUES (74, 'br.les.opus.dengue.core.fields.FieldOption', 'label', 'en', '118', 'I don''t know');
INSERT INTO public.i18n_translated_value (id, class_fqn, field_name, language, object_id, translation) VALUES (75, 'br.les.opus.dengue.core.fields.FieldOption', 'label', 'en', '121', 'I don''t know');
INSERT INTO public.i18n_translated_value (id, class_fqn, field_name, language, object_id, translation) VALUES (76, 'br.les.opus.dengue.core.fields.FieldOption', 'label', 'en', '124', 'I don''t know');
INSERT INTO public.i18n_translated_value (id, class_fqn, field_name, language, object_id, translation) VALUES (77, 'br.les.opus.dengue.core.fields.FieldOption', 'label', 'en', '127', 'I don''t know');
INSERT INTO public.i18n_translated_value (id, class_fqn, field_name, language, object_id, translation) VALUES (78, 'br.les.opus.dengue.core.fields.FieldOption', 'label', 'en', '130', 'I don''t know');
INSERT INTO public.i18n_translated_value (id, class_fqn, field_name, language, object_id, translation) VALUES (79, 'br.les.opus.dengue.core.fields.FieldOption', 'label', 'en', '133', 'I don''t know');
INSERT INTO public.i18n_translated_value (id, class_fqn, field_name, language, object_id, translation) VALUES (80, 'br.les.opus.dengue.core.fields.FieldOption', 'label', 'en', '136', 'I don''t know');
INSERT INTO public.i18n_translated_value (id, class_fqn, field_name, language, object_id, translation) VALUES (81, 'br.les.opus.dengue.core.fields.FieldOption', 'label', 'en', '139', 'I don''t know');
INSERT INTO public.i18n_translated_value (id, class_fqn, field_name, language, object_id, translation) VALUES (82, 'br.les.opus.dengue.core.fields.FieldOption', 'label', 'en', '142', 'I don''t know');
INSERT INTO public.i18n_translated_value (id, class_fqn, field_name, language, object_id, translation) VALUES (83, 'br.les.opus.dengue.core.fields.FieldOption', 'label', 'en', '145', 'I don''t know');
INSERT INTO public.i18n_translated_value (id, class_fqn, field_name, language, object_id, translation) VALUES (84, 'br.les.opus.dengue.core.fields.FieldOption', 'label', 'en', '172', 'abandoned pool');
INSERT INTO public.i18n_translated_value (id, class_fqn, field_name, language, object_id, translation) VALUES (85, 'br.les.opus.dengue.core.fields.FieldOption', 'label', 'en', '173', 'abandoned lot');
INSERT INTO public.i18n_translated_value (id, class_fqn, field_name, language, object_id, translation) VALUES (86, 'br.les.opus.dengue.core.fields.FieldOption', 'label', 'en', '174', 'abandoned tire');
INSERT INTO public.i18n_translated_value (id, class_fqn, field_name, language, object_id, translation) VALUES (87, 'br.les.opus.dengue.core.fields.FieldOption', 'label', 'en', '175', 'flower pot');
INSERT INTO public.i18n_translated_value (id, class_fqn, field_name, language, object_id, translation) VALUES (88, 'br.les.opus.dengue.core.fields.FieldOption', 'label', 'en', '176', 'gutter');
INSERT INTO public.i18n_translated_value (id, class_fqn, field_name, language, object_id, translation) VALUES (89, 'br.les.opus.dengue.core.fields.FieldOption', 'label', 'en', '177', 'empty containers (bottles, cans ...)');
INSERT INTO public.i18n_translated_value (id, class_fqn, field_name, language, object_id, translation) VALUES (90, 'br.les.opus.dengue.core.fields.FieldOption', 'label', 'en', '179', 'drain');
INSERT INTO public.i18n_translated_value (id, class_fqn, field_name, language, object_id, translation) VALUES (91, 'br.les.opus.dengue.core.fields.FieldOption', 'label', 'en', '180', 'aquarium');
INSERT INTO public.i18n_translated_value (id, class_fqn, field_name, language, object_id, translation) VALUES (95, 'br.les.opus.dengue.core.fields.FieldOption', 'label', 'en', '2', 'Yes');
INSERT INTO public.i18n_translated_value (id, class_fqn, field_name, language, object_id, translation) VALUES (96, 'br.les.opus.dengue.core.fields.FieldOption', 'label', 'en', '116', 'Yes');
INSERT INTO public.i18n_translated_value (id, class_fqn, field_name, language, object_id, translation) VALUES (97, 'br.les.opus.dengue.core.fields.FieldOption', 'label', 'en', '119', 'Yes');
INSERT INTO public.i18n_translated_value (id, class_fqn, field_name, language, object_id, translation) VALUES (98, 'br.les.opus.dengue.core.fields.FieldOption', 'label', 'en', '122', 'Yes');
INSERT INTO public.i18n_translated_value (id, class_fqn, field_name, language, object_id, translation) VALUES (99, 'br.les.opus.dengue.core.fields.FieldOption', 'label', 'en', '125', 'Yes');
INSERT INTO public.i18n_translated_value (id, class_fqn, field_name, language, object_id, translation) VALUES (100, 'br.les.opus.dengue.core.fields.FieldOption', 'label', 'en', '128', 'Yes');
INSERT INTO public.i18n_translated_value (id, class_fqn, field_name, language, object_id, translation) VALUES (101, 'br.les.opus.dengue.core.fields.FieldOption', 'label', 'en', '131', 'Yes');
INSERT INTO public.i18n_translated_value (id, class_fqn, field_name, language, object_id, translation) VALUES (102, 'br.les.opus.dengue.core.fields.FieldOption', 'label', 'en', '134', 'Yes');
INSERT INTO public.i18n_translated_value (id, class_fqn, field_name, language, object_id, translation) VALUES (103, 'br.les.opus.dengue.core.fields.FieldOption', 'label', 'en', '137', 'Yes');
INSERT INTO public.i18n_translated_value (id, class_fqn, field_name, language, object_id, translation) VALUES (104, 'br.les.opus.dengue.core.fields.FieldOption', 'label', 'en', '140', 'Yes');
INSERT INTO public.i18n_translated_value (id, class_fqn, field_name, language, object_id, translation) VALUES (92, 'br.les.opus.dengue.core.fields.FieldOption', 'label', 'en', '181', 'animal trough');
INSERT INTO public.i18n_translated_value (id, class_fqn, field_name, language, object_id, translation) VALUES (93, 'br.les.opus.dengue.core.fields.FieldOption', 'label', 'en', '182', 'other');
INSERT INTO public.i18n_translated_value (id, class_fqn, field_name, language, object_id, translation) VALUES (94, 'br.les.opus.dengue.core.fields.FieldOption', 'label', 'en', '178', 'stream or creek');
INSERT INTO public.i18n_translated_value (id, class_fqn, field_name, language, object_id, translation) VALUES (190, 'br.les.opus.dengue.core.fields.FieldOption', 'value', 'en', '126', 'No');
INSERT INTO public.i18n_translated_value (id, class_fqn, field_name, language, object_id, translation) VALUES (191, 'br.les.opus.dengue.core.fields.FieldOption', 'value', 'en', '129', 'No');
INSERT INTO public.i18n_translated_value (id, class_fqn, field_name, language, object_id, translation) VALUES (192, 'br.les.opus.dengue.core.fields.FieldOption', 'value', 'en', '132', 'No');
INSERT INTO public.i18n_translated_value (id, class_fqn, field_name, language, object_id, translation) VALUES (193, 'br.les.opus.dengue.core.fields.FieldOption', 'value', 'en', '135', 'No');
INSERT INTO public.i18n_translated_value (id, class_fqn, field_name, language, object_id, translation) VALUES (115, 'br.les.opus.dengue.core.fields.FieldOption', 'label', 'en', '3', 'No');
INSERT INTO public.i18n_translated_value (id, class_fqn, field_name, language, object_id, translation) VALUES (116, 'br.les.opus.dengue.core.fields.FieldOption', 'label', 'en', '117', 'No');
INSERT INTO public.i18n_translated_value (id, class_fqn, field_name, language, object_id, translation) VALUES (117, 'br.les.opus.dengue.core.fields.FieldOption', 'label', 'en', '120', 'No');
INSERT INTO public.i18n_translated_value (id, class_fqn, field_name, language, object_id, translation) VALUES (118, 'br.les.opus.dengue.core.fields.FieldOption', 'label', 'en', '123', 'No');
INSERT INTO public.i18n_translated_value (id, class_fqn, field_name, language, object_id, translation) VALUES (119, 'br.les.opus.dengue.core.fields.FieldOption', 'label', 'en', '126', 'No');
INSERT INTO public.i18n_translated_value (id, class_fqn, field_name, language, object_id, translation) VALUES (120, 'br.les.opus.dengue.core.fields.FieldOption', 'label', 'en', '129', 'No');
INSERT INTO public.i18n_translated_value (id, class_fqn, field_name, language, object_id, translation) VALUES (121, 'br.les.opus.dengue.core.fields.FieldOption', 'label', 'en', '132', 'No');
INSERT INTO public.i18n_translated_value (id, class_fqn, field_name, language, object_id, translation) VALUES (122, 'br.les.opus.dengue.core.fields.FieldOption', 'label', 'en', '135', 'No');
INSERT INTO public.i18n_translated_value (id, class_fqn, field_name, language, object_id, translation) VALUES (123, 'br.les.opus.dengue.core.fields.FieldOption', 'label', 'en', '138', 'No');
INSERT INTO public.i18n_translated_value (id, class_fqn, field_name, language, object_id, translation) VALUES (124, 'br.les.opus.dengue.core.fields.FieldOption', 'label', 'en', '141', 'No');
INSERT INTO public.i18n_translated_value (id, class_fqn, field_name, language, object_id, translation) VALUES (125, 'br.les.opus.dengue.core.fields.FieldOption', 'label', 'en', '144', 'No');
INSERT INTO public.i18n_translated_value (id, class_fqn, field_name, language, object_id, translation) VALUES (126, 'br.les.opus.dengue.core.fields.FieldOption', 'label', 'en', '147', 'No');
INSERT INTO public.i18n_translated_value (id, class_fqn, field_name, language, object_id, translation) VALUES (127, 'br.les.opus.dengue.core.fields.FieldOption', 'label', 'en', '150', 'No');
INSERT INTO public.i18n_translated_value (id, class_fqn, field_name, language, object_id, translation) VALUES (128, 'br.les.opus.dengue.core.fields.FieldOption', 'label', 'en', '153', 'No');
INSERT INTO public.i18n_translated_value (id, class_fqn, field_name, language, object_id, translation) VALUES (129, 'br.les.opus.dengue.core.fields.FieldOption', 'label', 'en', '156', 'No');
INSERT INTO public.i18n_translated_value (id, class_fqn, field_name, language, object_id, translation) VALUES (130, 'br.les.opus.dengue.core.fields.FieldOption', 'label', 'en', '159', 'No');
INSERT INTO public.i18n_translated_value (id, class_fqn, field_name, language, object_id, translation) VALUES (131, 'br.les.opus.dengue.core.fields.FieldOption', 'label', 'en', '162', 'No');
INSERT INTO public.i18n_translated_value (id, class_fqn, field_name, language, object_id, translation) VALUES (132, 'br.les.opus.dengue.core.fields.FieldOption', 'label', 'en', '165', 'No');
INSERT INTO public.i18n_translated_value (id, class_fqn, field_name, language, object_id, translation) VALUES (133, 'br.les.opus.dengue.core.fields.FieldOption', 'label', 'en', '168', 'No');
INSERT INTO public.i18n_translated_value (id, class_fqn, field_name, language, object_id, translation) VALUES (134, 'br.les.opus.dengue.core.fields.FieldOption', 'label', 'en', '171', 'No');
INSERT INTO public.i18n_translated_value (id, class_fqn, field_name, language, object_id, translation) VALUES (105, 'br.les.opus.dengue.core.fields.FieldOption', 'label', 'en', '143', 'Yes');
INSERT INTO public.i18n_translated_value (id, class_fqn, field_name, language, object_id, translation) VALUES (106, 'br.les.opus.dengue.core.fields.FieldOption', 'label', 'en', '146', 'Yes');
INSERT INTO public.i18n_translated_value (id, class_fqn, field_name, language, object_id, translation) VALUES (107, 'br.les.opus.dengue.core.fields.FieldOption', 'label', 'en', '149', 'Yes');
INSERT INTO public.i18n_translated_value (id, class_fqn, field_name, language, object_id, translation) VALUES (108, 'br.les.opus.dengue.core.fields.FieldOption', 'label', 'en', '152', 'Yes');
INSERT INTO public.i18n_translated_value (id, class_fqn, field_name, language, object_id, translation) VALUES (109, 'br.les.opus.dengue.core.fields.FieldOption', 'label', 'en', '155', 'Yes');
INSERT INTO public.i18n_translated_value (id, class_fqn, field_name, language, object_id, translation) VALUES (110, 'br.les.opus.dengue.core.fields.FieldOption', 'label', 'en', '158', 'Yes');
INSERT INTO public.i18n_translated_value (id, class_fqn, field_name, language, object_id, translation) VALUES (111, 'br.les.opus.dengue.core.fields.FieldOption', 'label', 'en', '161', 'Yes');
INSERT INTO public.i18n_translated_value (id, class_fqn, field_name, language, object_id, translation) VALUES (112, 'br.les.opus.dengue.core.fields.FieldOption', 'label', 'en', '164', 'Yes');
INSERT INTO public.i18n_translated_value (id, class_fqn, field_name, language, object_id, translation) VALUES (113, 'br.les.opus.dengue.core.fields.FieldOption', 'label', 'en', '167', 'Yes');
INSERT INTO public.i18n_translated_value (id, class_fqn, field_name, language, object_id, translation) VALUES (114, 'br.les.opus.dengue.core.fields.FieldOption', 'label', 'en', '170', 'Yes');
INSERT INTO public.i18n_translated_value (id, class_fqn, field_name, language, object_id, translation) VALUES (135, 'br.les.opus.dengue.core.fields.FieldOption', 'label', 'en', '148', 'I don''t know');
INSERT INTO public.i18n_translated_value (id, class_fqn, field_name, language, object_id, translation) VALUES (136, 'br.les.opus.dengue.core.fields.FieldOption', 'label', 'en', '151', 'I don''t know');
INSERT INTO public.i18n_translated_value (id, class_fqn, field_name, language, object_id, translation) VALUES (137, 'br.les.opus.dengue.core.fields.FieldOption', 'label', 'en', '154', 'I don''t know');
INSERT INTO public.i18n_translated_value (id, class_fqn, field_name, language, object_id, translation) VALUES (138, 'br.les.opus.dengue.core.fields.FieldOption', 'label', 'en', '157', 'I don''t know');
INSERT INTO public.i18n_translated_value (id, class_fqn, field_name, language, object_id, translation) VALUES (139, 'br.les.opus.dengue.core.fields.FieldOption', 'label', 'en', '160', 'I don''t know');
INSERT INTO public.i18n_translated_value (id, class_fqn, field_name, language, object_id, translation) VALUES (140, 'br.les.opus.dengue.core.fields.FieldOption', 'label', 'en', '163', 'I don''t know');
INSERT INTO public.i18n_translated_value (id, class_fqn, field_name, language, object_id, translation) VALUES (141, 'br.les.opus.dengue.core.fields.FieldOption', 'label', 'en', '166', 'I don''t know');
INSERT INTO public.i18n_translated_value (id, class_fqn, field_name, language, object_id, translation) VALUES (142, 'br.les.opus.dengue.core.fields.FieldOption', 'label', 'en', '169', 'I don''t know');
INSERT INTO public.i18n_translated_value (id, class_fqn, field_name, language, object_id, translation) VALUES (143, 'br.les.opus.dengue.core.fields.FieldOption', 'value', 'en', '1', 'Not informed');
INSERT INTO public.i18n_translated_value (id, class_fqn, field_name, language, object_id, translation) VALUES (144, 'br.les.opus.dengue.core.fields.FieldOption', 'value', 'en', '115', 'Not informed');
INSERT INTO public.i18n_translated_value (id, class_fqn, field_name, language, object_id, translation) VALUES (145, 'br.les.opus.dengue.core.fields.FieldOption', 'value', 'en', '118', 'Not informed');
INSERT INTO public.i18n_translated_value (id, class_fqn, field_name, language, object_id, translation) VALUES (146, 'br.les.opus.dengue.core.fields.FieldOption', 'value', 'en', '121', 'Not informed');
INSERT INTO public.i18n_translated_value (id, class_fqn, field_name, language, object_id, translation) VALUES (147, 'br.les.opus.dengue.core.fields.FieldOption', 'value', 'en', '124', 'Not informed');
INSERT INTO public.i18n_translated_value (id, class_fqn, field_name, language, object_id, translation) VALUES (148, 'br.les.opus.dengue.core.fields.FieldOption', 'value', 'en', '127', 'Not informed');
INSERT INTO public.i18n_translated_value (id, class_fqn, field_name, language, object_id, translation) VALUES (149, 'br.les.opus.dengue.core.fields.FieldOption', 'value', 'en', '130', 'Not informed');
INSERT INTO public.i18n_translated_value (id, class_fqn, field_name, language, object_id, translation) VALUES (150, 'br.les.opus.dengue.core.fields.FieldOption', 'value', 'en', '133', 'Not informed');
INSERT INTO public.i18n_translated_value (id, class_fqn, field_name, language, object_id, translation) VALUES (151, 'br.les.opus.dengue.core.fields.FieldOption', 'value', 'en', '136', 'Not informed');
INSERT INTO public.i18n_translated_value (id, class_fqn, field_name, language, object_id, translation) VALUES (152, 'br.les.opus.dengue.core.fields.FieldOption', 'value', 'en', '139', 'Not informed');
INSERT INTO public.i18n_translated_value (id, class_fqn, field_name, language, object_id, translation) VALUES (153, 'br.les.opus.dengue.core.fields.FieldOption', 'value', 'en', '142', 'Not informed');
INSERT INTO public.i18n_translated_value (id, class_fqn, field_name, language, object_id, translation) VALUES (154, 'br.les.opus.dengue.core.fields.FieldOption', 'value', 'en', '145', 'Not informed');
INSERT INTO public.i18n_translated_value (id, class_fqn, field_name, language, object_id, translation) VALUES (206, 'br.les.opus.dengue.core.fields.FieldOption', 'value', 'en', '148', 'Not informed');
INSERT INTO public.i18n_translated_value (id, class_fqn, field_name, language, object_id, translation) VALUES (207, 'br.les.opus.dengue.core.fields.FieldOption', 'value', 'en', '151', 'Not informed');
INSERT INTO public.i18n_translated_value (id, class_fqn, field_name, language, object_id, translation) VALUES (208, 'br.les.opus.dengue.core.fields.FieldOption', 'value', 'en', '154', 'Not informed');
INSERT INTO public.i18n_translated_value (id, class_fqn, field_name, language, object_id, translation) VALUES (209, 'br.les.opus.dengue.core.fields.FieldOption', 'value', 'en', '157', 'Not informed');
INSERT INTO public.i18n_translated_value (id, class_fqn, field_name, language, object_id, translation) VALUES (210, 'br.les.opus.dengue.core.fields.FieldOption', 'value', 'en', '160', 'Not informed');
INSERT INTO public.i18n_translated_value (id, class_fqn, field_name, language, object_id, translation) VALUES (211, 'br.les.opus.dengue.core.fields.FieldOption', 'value', 'en', '163', 'Not informed');
INSERT INTO public.i18n_translated_value (id, class_fqn, field_name, language, object_id, translation) VALUES (212, 'br.les.opus.dengue.core.fields.FieldOption', 'value', 'en', '166', 'Not informed');
INSERT INTO public.i18n_translated_value (id, class_fqn, field_name, language, object_id, translation) VALUES (213, 'br.les.opus.dengue.core.fields.FieldOption', 'value', 'en', '169', 'Not informed');
INSERT INTO public.i18n_translated_value (id, class_fqn, field_name, language, object_id, translation) VALUES (194, 'br.les.opus.dengue.core.fields.FieldOption', 'value', 'en', '138', 'No');
INSERT INTO public.i18n_translated_value (id, class_fqn, field_name, language, object_id, translation) VALUES (195, 'br.les.opus.dengue.core.fields.FieldOption', 'value', 'en', '141', 'No');
INSERT INTO public.i18n_translated_value (id, class_fqn, field_name, language, object_id, translation) VALUES (196, 'br.les.opus.dengue.core.fields.FieldOption', 'value', 'en', '144', 'No');
INSERT INTO public.i18n_translated_value (id, class_fqn, field_name, language, object_id, translation) VALUES (197, 'br.les.opus.dengue.core.fields.FieldOption', 'value', 'en', '147', 'No');
INSERT INTO public.i18n_translated_value (id, class_fqn, field_name, language, object_id, translation) VALUES (198, 'br.les.opus.dengue.core.fields.FieldOption', 'value', 'en', '150', 'No');
INSERT INTO public.i18n_translated_value (id, class_fqn, field_name, language, object_id, translation) VALUES (199, 'br.les.opus.dengue.core.fields.FieldOption', 'value', 'en', '153', 'No');
INSERT INTO public.i18n_translated_value (id, class_fqn, field_name, language, object_id, translation) VALUES (200, 'br.les.opus.dengue.core.fields.FieldOption', 'value', 'en', '156', 'No');
INSERT INTO public.i18n_translated_value (id, class_fqn, field_name, language, object_id, translation) VALUES (201, 'br.les.opus.dengue.core.fields.FieldOption', 'value', 'en', '159', 'No');
INSERT INTO public.i18n_translated_value (id, class_fqn, field_name, language, object_id, translation) VALUES (202, 'br.les.opus.dengue.core.fields.FieldOption', 'value', 'en', '162', 'No');
INSERT INTO public.i18n_translated_value (id, class_fqn, field_name, language, object_id, translation) VALUES (203, 'br.les.opus.dengue.core.fields.FieldOption', 'value', 'en', '165', 'No');
INSERT INTO public.i18n_translated_value (id, class_fqn, field_name, language, object_id, translation) VALUES (204, 'br.les.opus.dengue.core.fields.FieldOption', 'value', 'en', '168', 'No');
INSERT INTO public.i18n_translated_value (id, class_fqn, field_name, language, object_id, translation) VALUES (205, 'br.les.opus.dengue.core.fields.FieldOption', 'value', 'en', '171', 'No');
INSERT INTO public.i18n_translated_value (id, class_fqn, field_name, language, object_id, translation) VALUES (175, 'br.les.opus.dengue.core.fields.FieldOption', 'value', 'en', '140', 'Yes');
INSERT INTO public.i18n_translated_value (id, class_fqn, field_name, language, object_id, translation) VALUES (176, 'br.les.opus.dengue.core.fields.FieldOption', 'value', 'en', '143', 'Yes');
INSERT INTO public.i18n_translated_value (id, class_fqn, field_name, language, object_id, translation) VALUES (177, 'br.les.opus.dengue.core.fields.FieldOption', 'value', 'en', '146', 'Yes');
INSERT INTO public.i18n_translated_value (id, class_fqn, field_name, language, object_id, translation) VALUES (178, 'br.les.opus.dengue.core.fields.FieldOption', 'value', 'en', '149', 'Yes');
INSERT INTO public.i18n_translated_value (id, class_fqn, field_name, language, object_id, translation) VALUES (179, 'br.les.opus.dengue.core.fields.FieldOption', 'value', 'en', '152', 'Yes');
INSERT INTO public.i18n_translated_value (id, class_fqn, field_name, language, object_id, translation) VALUES (180, 'br.les.opus.dengue.core.fields.FieldOption', 'value', 'en', '155', 'Yes');
INSERT INTO public.i18n_translated_value (id, class_fqn, field_name, language, object_id, translation) VALUES (181, 'br.les.opus.dengue.core.fields.FieldOption', 'value', 'en', '158', 'Yes');
INSERT INTO public.i18n_translated_value (id, class_fqn, field_name, language, object_id, translation) VALUES (182, 'br.les.opus.dengue.core.fields.FieldOption', 'value', 'en', '161', 'Yes');
INSERT INTO public.i18n_translated_value (id, class_fqn, field_name, language, object_id, translation) VALUES (183, 'br.les.opus.dengue.core.fields.FieldOption', 'value', 'en', '164', 'Yes');
INSERT INTO public.i18n_translated_value (id, class_fqn, field_name, language, object_id, translation) VALUES (184, 'br.les.opus.dengue.core.fields.FieldOption', 'value', 'en', '167', 'Yes');
INSERT INTO public.i18n_translated_value (id, class_fqn, field_name, language, object_id, translation) VALUES (185, 'br.les.opus.dengue.core.fields.FieldOption', 'value', 'en', '170', 'Yes');

INSERT INTO public.poi_type (id, name) VALUES (1, 'Pessoa com suspeita de dengue');
INSERT INTO public.poi_type (id, name) VALUES (2, 'Pessoa com dengue diagnosticada');
INSERT INTO public.poi_type (id, name) VALUES (3, 'Foco do mosquito dengue');

INSERT INTO public.poi_type_fields (poi_type_id, field_id) VALUES (1, 1);
INSERT INTO public.poi_type_fields (poi_type_id, field_id) VALUES (1, 2);
INSERT INTO public.poi_type_fields (poi_type_id, field_id) VALUES (1, 3);
INSERT INTO public.poi_type_fields (poi_type_id, field_id) VALUES (1, 4);
INSERT INTO public.poi_type_fields (poi_type_id, field_id) VALUES (1, 5);
INSERT INTO public.poi_type_fields (poi_type_id, field_id) VALUES (1, 6);
INSERT INTO public.poi_type_fields (poi_type_id, field_id) VALUES (1, 7);
INSERT INTO public.poi_type_fields (poi_type_id, field_id) VALUES (1, 8);
INSERT INTO public.poi_type_fields (poi_type_id, field_id) VALUES (1, 9);
INSERT INTO public.poi_type_fields (poi_type_id, field_id) VALUES (1, 10);
INSERT INTO public.poi_type_fields (poi_type_id, field_id) VALUES (1, 11);
INSERT INTO public.poi_type_fields (poi_type_id, field_id) VALUES (1, 12);
INSERT INTO public.poi_type_fields (poi_type_id, field_id) VALUES (1, 13);
INSERT INTO public.poi_type_fields (poi_type_id, field_id) VALUES (1, 14);
INSERT INTO public.poi_type_fields (poi_type_id, field_id) VALUES (1, 15);
INSERT INTO public.poi_type_fields (poi_type_id, field_id) VALUES (1, 16);
INSERT INTO public.poi_type_fields (poi_type_id, field_id) VALUES (1, 17);
INSERT INTO public.poi_type_fields (poi_type_id, field_id) VALUES (1, 18);
INSERT INTO public.poi_type_fields (poi_type_id, field_id) VALUES (1, 19);
INSERT INTO public.poi_type_fields (poi_type_id, field_id) VALUES (1, 20);
INSERT INTO public.poi_type_fields (poi_type_id, field_id) VALUES (2, 1);
INSERT INTO public.poi_type_fields (poi_type_id, field_id) VALUES (2, 2);
INSERT INTO public.poi_type_fields (poi_type_id, field_id) VALUES (2, 20);
INSERT INTO public.poi_type_fields (poi_type_id, field_id) VALUES (3, 21);
INSERT INTO public.poi_type_fields (poi_type_id, field_id) VALUES (3, 22);


INSERT INTO picture VALUES (1, '2015-07-08 03:08:26.082', 'test1.jpg', 3264, 'image/jpeg', 2448, NULL, NULL);
INSERT INTO picture VALUES (2, '2015-07-08 03:08:26.082', 'test2.jpg', 3264, 'image/jpeg', 2448, NULL, NULL);
INSERT INTO picture VALUES (3, '2015-07-08 03:08:26.082', 'test3.jpg', 3264, 'image/jpeg', 2448, NULL, NULL);
